"I absolutely ADORED ETERNALS, but I recognize not cup of Marvel tea. This might not make a whole lot of"
Java Vs Python For Data Science #cybersecurity #devops #100DaysOfCode #ai #codenewbie #machinelearning #DEVCommunity
voulu un grec puis suis dit non manger la maison et jsuis donc
Pareil Il pris de ma poche et quand je lui prends des mains il me dit
"Music Academy Blog Post movie was a collaboration between a very famous singer in our country, EXO"
"Tarps, tents, and medical examiner all indicate deceased. seen this movie before."
voulu un grec puis suis dit non manger la maison et jsuis donc
"We drive efficiencies in insurance Claim Automation, frictionless payments, efficient risk management #Otonomi"
Check out my Gig on I will design #creative #travel #hotel #tour #resort #adventure #photography #unique logo
"Hey, nice bones you got there! Now live with AI The Somnium #ENVtuber #Vtuber"
lembro como sofri no hiatus do izone pela e ainda mais como fiquei ansiosa no dia q fiesta
WHO WITH A DEEP THROAT FOR MY I AM VERY HOT DALE # AND I SENT YOU THE VIDEO MASTURBANDOME TO THE
@Tina69911364 @AstaMuratti @7lostinthewoods From the movie Michael Collins The Foggy Dew Fog
alguem cria um apelido pra maria luiza ai nao aguento mais os mesmos
@Neptvn08 Comment trop bien cette reprise de saison envie de parler que de mdrrr
"une dinguerie de fou furieux vous faire gagner, valeur du lot Pour participer au concours ce tweet"
"Y a une grosse mouvance sur TikTok/Reels avec moults meufs/mecs en chemise blanche,"
Je te cache pas que de nombreuses fois block et avec leurs vils paroles
"@JAPANFESS setauku sih LA Tokrev, movie idk sih blm tau pastinya"
Femme recherchant du plaisir avec des personnes coquines. une poitrine naturelle. le sexe
"Bitcoin will skyrocket to $168,000 when futures start trading on Wall Street Fundstrat Business News"
"i love you cam. im so proud of you. the movie was so powerful, it will forever be imprinted in my heart. thank you for"
"Pour les collabos qui se cachent pas le choix, le paSS la La"
Made a new solo movie on a treadmill with my new butterfly pussy Follow my on my Onlyfans if u like to
"# Taekook au! Ini tentang Jungkook si anak nakal, pembuat onar, sering keluar masuk ruang BK. Namun dibalik itu semua ada"
"Brutal. One of the great, if not THE great, Chicago movies. I remember passing by Cabrini Green many times when I"
Yani hakuna watu wanaona wameyapatia maisha kama hawa walioangalia movie ya squid game
superior streaming alternatives if thinking of cancelling anything. like really anything. especially if
"This will be as as possible since starting from the movie pitch, but if you seen the"
Ce type est dingue et dangereux . Le secret est le principe fondamental de notre de . la
$200 Giveaway to one in 12 hours This and Follow me @myratechai and Like Their Pinned
"atteindre la folie , ce que certains appellent la folie , mais qui pour moi est la seule"
Kashmir is an undivided part of India. The disputed scene should be withdrawn from the movie ASAP. #AntiIndiaSuperman
Alors @MarleneSchiappa pointe raison le danger que Zemmour pr le il a quand une arme sur
mais wsh je suis punie crari pas le droit de la suite du tweet
"une dinguerie de fou furieux vous faire gagner, valeur du lot Pour participer au concours ce tweet"
Always amazed how #HarveyCushing was able to describe so accurately the future of #Neurosurgery as a more
"Just write the topic you want and Jarvis will write you an ebook. You can then go and sell it on kindle, Amazon and"
Une nouvelle association dissoute par le de aux deux principaux que elle cultive
spark collector pero walang previews kagad ng merch tapos kilabot line collector pa tapos pag narelease na
Last time I watch Batman vs Superman in Multiplex. I am not going to watch any DC movie now. #AntiIndiaSuperman #BoycottBatman
"composed, and produced song is played during an entire scene in the upcoming"
"@BlackSwanRumor @yourKpopquest ai, cancela a adm pfv, tag sempre foi problema pra mim kkkkkkk"
SUPERSIZED AN ANALYSIS OF ITS SIGNIFICANCE AND INTELLIGENCE #ArtificialIntelligence #AI #DataScience
Donc un policier qui a mon nom sur Facebook alors connaissait pas mon blase. Il a donc
#Jetty movie trailer launch by Our Natasimha #NandamuriBalakrishna gaaru on Oct 21st @ @MaanyamKrishna
"in Italia FORTE ripresa grazie ai vaccini talmente vero, che ogni giorno studiano nuove tasse e tagliano la spesa"
Tackling climate change will not be without its dangers and in our latest thought leadership we discuss the
Kashmir is an undivided part of India. The disputed scene should be withdrawn from the movie ASAP. #AntiIndiaSuperman
".@edmundosouza7 E ai, meus cruzmaltinos. seguiram a @pixbet Vamos invadir! #VascoDaGama"
un quand les gens se mettent sur twitter un rare et surnaturel
@MarleneSchiappa je pas vu votre quand une fausse comique de la radio de sevice public a cet
Rashford deux je pas mon meilleur niveau. Je ne veux pas dire que je pas bien
"@ECISVEEP Hi Team, why my application # OUL365620157 has been I am residing in the assembly"
Longtime fans already know this answer. What was your first anime DVD you
un jour je kiff aller en cours et le lendemain envie de me desco
so I was walking home from school today with one of my classmates and as we both love wonder and the MCU we
The recent movie that Jihyo watched is the 911 guy that solved the kidnapping call. She thinks worth watching
This..This.. This was the one day for which I had been waiting for so Surely this movie is gonna be worth
Crypto Momentum Alert HT/USDT on #Kucoin Increase from first 11.05% Price $9.504 5 Minute
Verdict bon se mange limite sans faim mdrrr vous vous voyez le bay est vraiment pas garni mdrrr les
eu e a mamae aqui no medico procurando o dan ai toda hora aparece um que a gente tem certeza que ele e no final
Another movie clip sold via #Adultwork.com! PVC Slut In NEW thighboots Getting Fucked HARD!
les chutes du niagara de nuit le truc le plus beau que vu de ma vie
"LOJINHA LOJINHA LOJINHA! OLHA AI OLHA AI FREGUESIA, BOLSINHAS MARAVILHOSAS VENHAM COMPRAR AGORA"
I Was Fascinated By My Virgin Big Dick Cast Mayuka Kitagawa #AsianAdultVideo #JAV Full Movie
@SnCLukas @michaelserra Parabens... quando teve o gol do eterno e saimos da fila tinha oq
Dopo la alla Cgil accadono cose senza precedenti rispetto ai diritti costituzionali in questo
@BonnaureGuillau Oui. Et un de bus plus du tout de la piscine
@RebeuDeter @PredatorFrance #PredatorXperience stp je suis pauvre mec que un clavier
"1967 James Bond Movie You Only Live Twice Playing In Regal Cinema, Bombay Photo @uwmlibraries"
"biased af toward daddy Keanu, but I do love Bruce Willis, and Jason Statham quite a bit."
"gente, eu aprendo nunca mania de achar que vou receber dos outros a mesma coisa que eu ai ai ai"
@iSempreFlamengo @cahemota Chamou o clube de lixo e plantar crise caso o time n ganhasse pq ficou putinho
"@jiwonbuIIet acho que tem chances se a ao vivo for 3picks ou top9 como ta saindo rumor por ai, se for one"
SUPERSIZED AN ANALYSIS OF ITS SIGNIFICANCE AND INTELLIGENCE #ArtificialIntelligence #AI #DataScience
Ce type est dingue et dangereux . Le secret est le principe fondamental de notre de . la
"@jutsusexysz tenta n fumar no e no domingo, ai si pa n aparece n"
#antiindiasuperman Superman has no right to interfere in private affairs show something like this in your
I Be Wondering When Ppl Say Does That Really Mean They Just Have Your # Anymore Lol
Celebrating 38 Years of Superhit Koodevide !! A Film by #Padmaraj. It was also the debutant movie of
"Je travaille avec DLP. vu Cheyenne des agents en cowboy, avec chapeau en cuir et"
"i finally tried Akesato AI amadeuSY voicebank the output timing is not good at all, the AI tuning is ok i"
Mi ex mujer me ha montado una de miedo. Ex Cari Movie.
Sardar udham Singh what a movie.. being an Indian it brings sorrows and cries till now I even imagine how
"Je suis mon live hier, mon chien fait un gros malaise, il la de revenir lui et pu"
Which forms of expertise are admitted or discarded within a human rights Who can occupy the position of
"@wtfferr coloca a ai da Pq se for uma coisa urgente eu vou buscar, eu espero"
"!! no soy taan nuevo en twt pero si en #animetwt #Anitwt. # Doukyuusei, BNHA, Naruto y"
"@bryannft @MwakaKing972 @15scrxppy Tu sais que raison, juste que tu tombes"
Get resource list of coding newbies. #datascience #analytics #ml #ai #python
o jao tem medo de ser de mostrar quem ele que muito artista ai e por isso que eu tenho muito orgulho
Maybe when the new movie comes out we get new suits but I doubt it being I am
jamais autant travaille que au pied des champs la Tour Eiffel deux pas splendide
TW viol / sexe / avortement plusieurs je me sens enfin ma parole sur tout ce que pu
"There has clearly never been a single successful movie or TV show without an cast before Squid Game. Never,"
Yani hakuna watu wanaona wameyapatia maisha kama hawa walioangalia movie ya squid game
@cuteeeeuuuu ai desculpa mas tinha que dizer parvoices ahahaha gosto muito de tii sua linda
"All I need is financial freedom and a research lab, where I can build AI bots, Compact Nuclear Reactors, Small"
"skaudrs Pirms tam sieviete FB ar visas #covidgudrie murgiem, bet tad C19"
"Please be upstanding for Episode 7 of Not On The List, where @juderogers and gas on"
voulu un grec puis suis dit non manger la maison et jsuis donc
@MisspicsouGame Ahah moi un peu Farcry et me suis mis sur RE6 et franchement il est beau
falo q vo mi mata no tuite ai vem gi e ray pedino a figurinha do print
oh shit watching the lego movie. CHRIS GET AWAY FROM LIAM
Quink # 4 Traffic #opensea #nft #ethereum #polygon #matic #artmagazine #nftcollectors #nftartist
Get resource list of coding newbies. #datascience #analytics #ml #ai #python #java #100daysofcode
@cineworld Hi. I went to ciniworld today to watch a movie and purchased some vouchers via my tastecard. The
When you rewatch a movie you watched as a kid and everything starts making sense to you like so what really
#AI provides better #personalized #breastCancer screening and #prevention by detecting abnormalities in
I actually love going to the movies by myself. A lot cheaper for one and nobody asking you no questions.
SUPERSIZED AN ANALYSIS OF ITS SIGNIFICANCE AND INTELLIGENCE #ArtificialIntelligence #AI #DataScience
"@elonmusk @wintonARK FSD the most complex AI technology to master.Dojo, Go Tesla.Musk Engineering Magic Everyday."
meu freezer parou de funcionar em uma semana parabrisa trincado microondas queimado freezer
envie de tt preco mais mdrr si tt les albums c la mm version
"@leoapreta Foi nessa ai que agora eu na pior fase, e sozinho."
"E ai tudo tranquilo por ai Qual a boa de hoje Pra mim, de gravar os melhores momentos do Rally da"
"OMG!! and not every song on mcu ost tracklists makes it into the actual movie, so this is really bts are MAINSTREAM"
"a dayane citou la dentro que ela mal fala com a pq ela responde, liga e nem manda mensagem, ai agr ta querendo"
85 percent of enterprises will be adopting AI by this end. Read below to learn why investing in
Oggi si compie una delle il decisioni politiche. Milioni di televisori perfettamente funzionanti
"Je pas des de wokisme, de cancel culture ou de complotisme au mais des"
Ouais on a pas vu nous Bah de ceux qui ont montrer que ceux dans les mims les autres meme moi pas vu
et pas encore ma de travail la plus efficace. reste rattraper pdt les vacs
from this post I learned like three ed edd n eddy artists were storyboard artists for this movie which explains a lot
"@fivepoisonskid Many years ago, a friend was in a movie theater and she and Christopher Guest sat next to him. He"
@YuferevaI I am a poet artist in several mediums. Sometimes I create videos with my art poetry #cryptoku or use AI to
Tremor became a literal fucking God and Jarek is the title of the next Mortal Kombat movie.
@annesouvenir Serase vem ai Anne tendo primeira vez E VAI SER COM
Je fais parti des perdants du concours qui a vu des petits extraits par ci par en stories des
#antiindiasuperman Superman has no right to interfere in private affairs show something like this in your
eu to pq vo te q corta meu cabelo w eu nao # naotobem
"Bookings open tomorrow at 11AM for the much awaited MG Astor, First Car with Personal AI Assistant and Autonomous"
"AI voice cloning is used in a huge heist in the U.A.E., amidst warnings about cyber criminal use of the new"
@misscam94 En fait elle a a par message vocal via sa montre
Bon vous le savez vraiment une mauvaise sur ce jeu.. On retrouve
YALL HARRY IS DEFINITELY GONNA BE IN THE MCU !! MY LETS HAVE A GROUP MARVEL MOVIE MARATHON IT WILL BE
"I was watching a movie with my dude, but I fell asleep and he took advantage of the situation to suck my cock. ft."
cristo amado cmo q esse cara tem um dos maiores podcasts do
@tiuhyo @pjhsdoll limiter ou pas ma belle puis pas lu long
share any leaked videos from #Beast or any movie.. There is N Number of effort involved #Master @actorvijay
"Les AirPod Pro avec de bruit dangereux, jsuis a la universitaire un pet"
"@michaelsheen Is this a movie or a not on IMDB,no trailer on YouTube,etc"
Caught The Haughty Married Woman Next Door Working At A Brothel And Blackmailed Her Into Taking My Creampie!
Qui je vais aller danser et fais mon piercing au nombril hier
"@RicardoBSalinas @bazsuperapp Gracias por oportunidades que da,y mucha suerte a todos #RicardoSalinas"
Une dissolution autonome de des musulmans dissoute par ce gouvernement alors
As Always Expect The Unexpected.....!!!Congratulations You All The Best All Your Work
"Coucou les copains, de faire mes propres je fais des fondants des diffuseurs de voiture,"
les chutes du niagara de nuit le truc le plus beau que vu de ma vie
"Just write the topic you want and Jarvis will write you an ebook. You can then go and sell it on kindle, Amazon and"
Collect and earn on #NFT dragons! Check out @CryptoDragons guys. an awesome project consisting out of
SUPERSIZED AN ANALYSIS OF ITS SIGNIFICANCE AND INTELLIGENCE #ArtificialIntelligence #AI #DataScience #MachineLearning
# icons e algumas headers do trailer do do hendery a thread.
"une dinguerie de fou furieux vous faire gagner, valeur du lot Pour participer au concours ce tweet"
It really looks like be a lot of parallels with Battle OP mentions all the students in the movie have
"@insaneianb @dcauwatchtower Oh god yeah, was already thinking about the sleeping bag, but the garage door from"
like why is absolutely every texture and asset in motion. it looks like in middle school when you learned how to
"@Apericubesaumon ai fait aux quatre coins du monde, dont Milipol en France... et au Qatar une vague"
@Eole666 @RigoloRoberto Voila !! Tout est dit merci bien eole666!! Marre de ce monde inculte et pervers et
Get resource list of coding newbies. #datascience #analytics #ml #ai #python #java #100daysofcode
"composed, and produced song is played during an entire scene in the upcoming"
@jkscara stv si assez demain les 2 la foi de bouger
Expect the unexpected Signed my First movie as lead under @LIBRAProduc #BalajiMurugaDoss
"Una de las maravillas que el pasado, juntando el manga y todo lo relacionado con ir a la luna"
"Depuis le 18 juin 2019, ma sur Youtube. ai depuis 67, ce qui fait une moyenne"
@cpasmoizzd Moi une fois avec 2 de moi on marche un vieux raciste en voiture dis au filles vous
Honored to have done a bit of work on Gone Wrong! What a delightful movie!
# We offer professional #Onlineclass #Essaypay #100DaysOfCode #Econometrics #Math #homework #essaywrite #Essay
Je trouve hyper bizarre et malsain le fait que soit une honte /un truc quand on a un sur son CV.
"Je suis mon live hier, mon chien fait un gros malaise, il la de revenir lui et pu"
Giorgia Meloni fa uno screenshot per additarmi ai suoi sostenitori come nemica. Sulla base di un tweet descrittivo che non
les pour dire que je suis une grosse pute qui a du ou pour tailler vos exs
@seokjinjg So ok for him to know his song is being used in a marvel movie after it being announced and everyone knowing it
@joachimesque @BetaGouv Hey ! vu passer merci beaucoup. Je suis sous depuis que je suis
Most people have access to streaming services that offer an array of seasonal movie titles. Why not plan a movie
@skyper93 Ces pertes de poids sont et peuvent avoir des causes vos messages
"In the Marvel movie, the song Jimin made, Friends, will be heard."
"British director Malcolm Clarke is helming a movie about Hong unrest of two years ago, saying he"
eu choro com facilidade mas tem uns 3 momentos da minha vida que se eu pensar fico mal mas nn
SUPERSIZED AN ANALYSIS OF ITS SIGNIFICANCE AND INTELLIGENCE #ArtificialIntelligence #AI #DataScience
WINTER BEAR # #692 on Has been purchased @SignataWhale For 0.68 ETH
Le signe Cancer qui est par la lune vu ouais !
Swifties stop using the # for #ARIAsTaylorSwift !!! The bigger the gap will be the surer are victory will be
"composed, and produced song is played during an entire scene in the upcoming"
"Hey @TwitterSupport , can we report a website an that is abusing hashtags by putting unrelated tags in an"
Get resource list of coding newbies. #datascience #analytics #ml #ai #python #java #100daysofcode
@fdragoni @byoblu @MessoraClaudio Byoblu non manda un operatore accanto ai portuali per una diretta continua della loro
@BootlegGirl @perdricof @Czhorat FAAAAR from perfect but still my favorite SW movie and somehow a top 10 for me
"Saw Jodie new movie, The Last Duel, and it was riveting! And yes, Jodie movie! Not Matt or"
@alexxprs vu une annonce de ce genre un T2 Rambouillet Vendu par un grand groupement
Beta version is live! Monster Grand Prix is the first AI Blockchain Race to Earn game with ZERO GAS fees on
Not in the U.S. But I have it on DVD if anyone wants a watch party.
vous voyez la de la fille qui court pour entrer dans son appartement parce la suit il vient de
"Quand petit, je voyais mon papa assis dans le salon et parlait parfois seul, je pensais perdait la"
"composed, and produced song is played during an entire scene in the upcoming"
taffer a un endroit au debut tjrs 30min avant mon heure pour avant de commencer
"There has clearly never been a single successful movie or TV show without an cast before Squid Game. Never,"
#antiindiasuperman Superman has no right to interfere in private affairs show something like this in your
I heard Dj Tira on Ukhozi fm saying that the wrote #Nglimele themselves. Ai no umona phansi niphiwe
"Check out this new podcast by Marcello Mari on AI, Blockchain, and SingularityDAO!"
"Pour les collabos qui se cachent pas le choix, le paSS la La"
The Deep Dive crew is BACK and taking on The Board The Movie. Grab some snacks and enjoy!
Another movie clip sold via #Adultwork.com! Slave is getting fucked by strapon
Spreading False information TPLF agents payers working in various intern.organization and Media #
bon ai marre des cours il me faut 1 an de vacances minimum
"pochi vaccinati, tanti contagi e oltre 1000 decessi al giorno. Putin chiude tutte le non essenziali."
Kashmir is an undivided part of India. The disputed scene should be withdrawn from the movie ASAP. #AntiIndiaSuperman
"looking for AI experts with different backgrounds philosophy, sociology, education, healthcare, engineering,"
"lui un baisodrome. A 4 sur une fille...une horreur. Si voulu le faire chanter, eu 1000"
"Get a free trial and 10,000 words free to give Jarvis a try. Create all the content you will"
"@itheuwa I thought the finale was going to lead into the movie, but it happen. But yeah that and Loki basically explains everything."
Here are some STUNNING selena music video movie posters created by some really talented
"Les gars de la brinks arrivent toujours au mauvais moment, du coup je perd du temps quand besoin de finir #cestchiant"
Last Eternals premiere was overwhelming. I feel grateful fortunate to be a part of the MCU with this cast
"@kirin claramente plano, eles usam fisheye nas fotos ai aparece essa curvatura"
"Vote for Gianna she is participating in the Cutieville photo contest! Current prize 4,100 #"
"@mircoDmirco @Claudio52330251 Incostituzionale, carissimo Don. Ai despoti piace giocare con le Leggi che"
@FansdeFUT tout les tirages au sort pas pas encore ... je croise les doigts
"Pardon mais apres signe plus rien compris. On va ma belle, merci quand"
"LOOK AT HOW GOOD THE LOW LIGHT PHOTO LOOKS! I regret getting the iPhone now Also, doctor was such a fun movie,"
Sophie puis est venue la que le droit de comme mourir. Je me
Imo rien fait je devrais deban obtenir un bonus de 1000
@DomShow1210 J.K Simmons Farmers Insurance as the ruthless jazz instructor in the movie
"Ci sono persone che sono nate per sentire la vita con grande Che sono diverse dalle altre, che riescono a"
"Ai quan et toquen la butxaca! No els #NextGeneration, Bernat. en ser"
A sneaky peek specially for you of our newest movie out now at simonaleokinkyberlin@manyvids.com We now have
"une dinguerie de fou furieux vous faire gagner, valeur du lot Pour participer au concours ce tweet"
Ceux qui me connaissent un peu savent quel moment ouvert grand les yeux lol.
mob season 3 demon season 2 jjk movie coming soon hunter x hunter
"The world is watching, but its just a movie for them out there. The battle is ours to fight the victory is ours"
A cosmic movie that is set in Do go on. lol
Can it REALLY do Introducing the Edge X #AI Camera the latest device running on the
@loyalforsmg @mabelxsel Depuis que je sais pas laver entre et la sortie de Revelacion peur
voulu un grec puis suis dit non manger la maison et jsuis donc
et conseils aux femmes de ma TL avec une femme mieux. une vraie relation se fait avec
desculpe demorar 40 dias uteis pra responder em algum momento eu li a mensagem e pensei daqui a pouco respondo e ai se
Beaucoup de gens que je jamais vu ici mais qui sont vraiment super et Qu Allah veille sur vous!
$MYRA PUBLIC SALE is now LIVE!! Get your $MYRA Public Sale Address
"Icardi est Paris mais ne se sent pas en mesure de jouer Les Neymar, Silva et se sont fait pour"
"Lucinda Evans 19 years old, College girl, Rich, Girl next door, Horror movie"
"There has clearly never been a single successful movie or TV show without an cast before Squid Game. Never,"
@dunemovie is honestly the first movie I have sat and watched attentively in one sitting in a LONG time!
@theRidW0rld Moi me fait pas rire fait 1h que je le cherchais je en dessous de ma valise esh
"@NadiaWhittomeMP @cernusson If I was writing a movie about what is currently happening in the UK under the corrupt,"
Have you seen the new season of @TheBreakdown167 with @allisondore and sat down with
"@ScroolXV AI SCROL BRIGADA SABE, NUM QUASE NGM QUE VIU ESSE ANIME"
"Oh mon dieu, thinkerview qui fait de la propagande fasciste, surprise/i Bon si on, quelque conseils"
"Voglio fare una cosa, non mai ai bitti ma cazzo mene. Tu Army italianx, di qualsiasi regione, lo vuoi un"
"Change of movie night! Walk and Chalk has been cancelled due to rain, so we are meeting in Folwell"
"Valbuena Benzema Il ne pas je toujours dit, mais il a insistant. Il pas voulu"
A lot of Online White Guys seem almost angry that Kumail got buff for a superhero movie and it is weird behavior.
Ah Pourtant vu plus de personnes devant les stands de que
"@LionaMoe good good yes, need to trick it! # xichengsexclusion # xcsexclusion"
My first 4K movie. Even though I have a 4K player or a 4K tv
Get resource list of coding newbies. #datascience #analytics #ml #ai #python #java #100daysofcode
Ma a chi lo dice alla Ricciarelli che non siamo ai provini di amici ma al #gfvip
Mdr vous pas de ai 4 et je dors au milieu
#Jetty movie trailer launch by Legend Nata simha #NandamuriBalakrishna garu on October 21st @ @MaanyamKrishna
Make sure you remain positive from start to finish and for each and every call you Read more
"This is a great innovative idea form the team. A project doing what should be done, when it comes to"
wts lfb #cesbentables all pcs are in mint condition # rm joon namjoon hobi hoseok photocard mots concept
"en vrai regarder les deux, en terme de moins pas la de gauche"
"Want to win an official #DUNE movie poster signed by the one, the only, Denis Of course you do. All"
"Stay, estos son los # que se usando MIRROR MIRROR FT SKZ CHANGBIN #MirrorMirrorOutNow"
"Family. Dedication. Devotion. Rise, a #DisneyPlus Original Movie, based on the real life experiences of Milwaukee Bucks"
Celebrating 38 Years of Superhit Koodevide !! A Film by #Padmaraj. It was also the debutant movie of
"Avant de commencer ces jamais connu et je horrible, envie de pleurer"
Suis la gendarmerie et maintenu mon twitt des qui ont voter pour le pass sanitaire !
Yani hakuna watu wanaona wameyapatia maisha kama hawa walioangalia movie ya squid game
"eu sempre fui de tudo, se eu procurar sente falta. mas ainda bem q eu sei lidar com isso, as vezes sinto, mas nem ai"
"AI voice cloning is used in a huge heist in the U.A.E., amidst warnings about cyber criminal use of the new"
Hoje vou cantar assim o dia todo!! fraco tudo Tapete rosa fica lindo no
passo mt mal que toda vez algum membro desse grupo fala bem do josh qualquer oportunidade que eles tenham eles n cansam
@donaldsitompul1 It may not be the best result Turn ideas into art with AI. Describe a painting you
"Day # Sprout Oh Jeez, maybe next year #inktober #inktober2021 #ilustration #draw #Pikmin"
"Ils ont pris pendant que je me douchais, au moment de rincer mon visage en genre avant de fermer les"
"recently rewatched Studio I think more of it has been reshot than we suspect. Like, 70% of the movie is"
forget about our movie night TONIGHT @ in Rowe 161!! We will be watching Bye with Dr.
@MaoMilimNava Il a du bails j ai je suis encore sous le lui kaido rocks et bn auront les
Thanks for great . a family of 2K Hope to see you in # VoxelKnight soon. in touch
"AI voice cloning is used in a huge heist in the U.A.E., amidst warnings about cyber criminal use of the new"
@JSPVoyager Je pense une chouette hulotte pas comment partager fait dans
"I have made it to the Bratz movie side of tik tok, I have reached my full form. unstoppable"
"Zemmour sur Thinkerview. Une tribune de 2H sur un De la part de CNEWS ou Europe 1 ok, mais"
@OMartienne @AvsAeshGo @jmblanquer Pour signer mon avenant un pour dire que je pas de
imma beat Dame ass yo why tf he give his school my # think he gonna be getting away getting in trouble!!!
"thinking about how jimin wrote 3 title tracks, made the melody for blood sweat tears, wrote the bridge in"
il y a rarement des trucs aussi fun qui conviennent aussi un jeune public. Je lu aux
le live de kamel est je pense le live devant lequel le plus fondu en larme de ma vie le cerveau humain une
"@gwynkocho amg siim, tava toda boiola por hometown ai q odioo"
je suis de plu au le super hier ns a fait
"alors a ce film je sais pas combien de fois, si son enfant pas Honey"
"AI voice cloning is used in a huge heist in the U.A.E., amidst warnings about cyber criminal use of the new"
An experienced training data partner can help bring your AI models to production see how @SamaAI
"lui un baisodrome. A 4 sur une fille...une horreur. Si voulu le faire chanter, eu 1000"
@jaminiev Ptdrr le Palace Tottenham et je avant le match 4
Deixa a Sammy voltar pro Pyong po. Tu fica ai de de boomerangue com esse maconheiro que tu chama de amor e tua vem
@Fabyamarelinha1 Eu que toda a seja transmutada e tornada numa linda luz! Brasileiros adoram
"composed, and produced song is played during an entire scene in the upcoming"
Goallll ! NMECHA !! 1 Je vais 2 pour 21h #TeamParieur
Struggling with writers block and need really good content right freaking now. Jarvis will write whatever you want
@footmercato Il leur faut un attaquant plus rageux que je souhaiterais apporter pour un test ! Un attaquant qui a
The Senate Parliamentarian hinted that provisions to address backlog could be added in Budget Reconciliation.
@kishiberohvn Vazy si tu veux des mains tu vas coller mdrr
"une dinguerie de fou furieux vous faire gagner, valeur du lot Pour participer au concours ce tweet"
"une dinguerie de fou furieux vous faire gagner, valeur du lot Pour participer au concours ce tweet"
jsp si je dit mais mon ex est dans la classe de ma soeur jvais crier. Le monde est petit
Ma position et mon opinion pas pas mon message sur ma page !
o bts falando que podiam convidar o txt e enhypen para cantar algumas pq eles iam fazer muito show e o taehyung
Thanks for great . a family of 2K Hope to see you in # VoxelKnight soon. in touch
#Valimai second single to be launched on October 21 Tamil Movie News Times of India #Valimai #Ajithkumar
"#HoslaRakh wht a movie yr its a masterpiece it was funny as well emotional,Literally enjoyed each n every part of"
"@AlanRMacLeod JFC...everyone should watch the 1973 movie Jadorowsky saw this coming, the only"
$200 Giveaway to one in 12 hours This and Follow me @myratechai and Like Their Pinned
@euEjjong ai to ansiosa acho q eles vao explorar mtt coisa
I seen Halloween Kills yet be watching until Halloween but I already have felt with the
much complexity in software comes from trying to make one thing do two things Ryan Singer Check out my
Top AI Books to Read. #BigData #Analytics #DataScience #IoT #IIoT #PyTorch #Python #RStats #TensorFlow #Java #JavaScript
The most valuable companies of the future will be AI companies. #MachineLearning #AI #DeepLearning #fintech
Buster Bunny got acknowledged by the official Space Jam movie account
AI A Greater Foundation for Machine Learning. @DataSciConnect #BigData #Analytics #DataScience #AI
so when everyone was talking about song being in a marvel movie jikook had this tiny conversation going on that led
"La vie est trop difficile donc si mes ami.e.s ne me demandent pas si va, je ne leur en veux pas."
voulu un grec puis suis dit non manger la maison et jsuis donc
Free solo and diet solo blocklist in quotes! Help yourself! The only people who get ANY say in how their career work and
"@pedrojdoc @gokhanyucel Same film, stairs Russian movie makers loved to build special"
"I was watching a movie with my dude, but I fell asleep and he took advantage of the situation to suck my cock. ft."
@pateIfilms i deserve some movie plot shit in my life. or a car.
"66 ans et je pas peur, le nettoyage doit fait, la terre vibre haut et beaucoup ne"
A bixa te fala q NAO SABE pedir UBER e IFOOD e vc EU te pegava pra otaria tb me da 8 mil ai clg
"Big Stepsister Acts Like A Bitch In Front Of My Big Brother, But The Truth Is That My Tsundere Lover"
"Uchuu Kyoudai Space Brothers Manga Sales Evolution Japan The manga was growing slowly but steady, then the anime"
"@TopherTreks Movie the Enterprise sets, particularly the Bridge in Final Frontier the camping TV"
Police recovered drug related WhatsApp chats between Aryan Khan and a debut NCB Hindi Movie News Times of
"nao da pra fazer trabalho em call com meus amigos porque a gente passa a maior parte do tempo fofocando, ai tem que fazer correndo depois"
@VelodromeAdaire Oh oui. si tu veux voir Venom faire le thug et danser en avec des lumineux
"@JAPANFESS setauku sih LA tokrev, movie idk sih blm tau kebenarannya"
Mi ex mujer me ha montado una de miedo. Ex Cari Movie.
"@laurismak Hola, por DM el inconveniente a detalle y el nombre del titular, # de cuenta,"
"Zemmour sur Thinkerview. Une tribune de 2H sur un De la part de CNEWS ou Europe 1 ok, mais"
"AI Manufacturing Conference 2021 will take place on November 3 5, 2021 #online #AI #ArtificialIntelligence"
The recent movie that Jihyo watched is the 911 guy that solved the kidnapping call. She thinks worth watching
"Et cette meuf depuis le premier entretien a eu ensemble senti le vice , des gens jsp si vous"
mdddr les raclis qui disent quoi un blanc avec des manieres de renoi arretez votre cinema
"Animosity is there, in this trope of translations of movie titles using so called words. It"
"Wsh dans 1 semaine on sera en novembre, le mois il a 36 heures mdr"
Character Design for Jujutsu Kaisen Movie 0 Revealed. Hanazawa Kan will be voicing Rika.
@Loulilol18 Bien que si mais il a de titiller Molly avec et que ces ne sont pas juste
Kashmir is an undivided part of India. The disputed scene should be withdrawn from the movie ASAP. #AntiIndiaSuperman
"suis Paris, vu un monument comme un pont sans eau il comme un cadeau ma"
"e ai pelo q eu li, uns anos essa mesma MC Trans ai deu golpe na romagaga. mas vo te contar viu,"
"Je suis mon live hier, mon chien fait un gros malaise, il la de revenir lui et pu"
"Mystery solved! To the very angry people in my mentions, I write the Injustice movie. I even seen it."
"Zemmour sur Thinkerview. Une tribune de 2H sur un De la part de CNEWS ou Europe 1 ok, mais"
Missed the Bank Corp Q3 earnings call on October Easily spot key metrics or important updates from for
"A kdeobi pointed out how in the movie, there was a scene where the main characters friends took a"
"@IzabelleFores me casei e passei a dar R$2,00 e depois o meu filho nasceu eu passei a te dar R$1,00. Ai o Mendigo"
"@beomgyupeitudo EU TBMM e tipo, eu a inchar uns 4 dias antes e fico ai demora q so o diabo pra desinchar"
", de ouf et tout franchement des incroyables mtn a devenue mes vraies"
Je viens de me faire engueuler par une meuf de qui pensait que une Faut voir comment
"Su Mediaset Extra cantano e basta, quei quattro pischelletti reggono invece canale 5, cambiate il nome ai programmi su"
dites sous ce tweet ce que je pourrais et changer dites tout vraiment mes et tout envie de
"Today, Philly quartet @FullBush1 have announced their sophomore EP, due December 3 via"
Azure CLI Tip Use AI to find az commands #Azure #AzureCLI #AI #ML #MicrosoftAzure
Ah mais clairement je cherche le moindre petit moment pour pouvoir dormir cause de je perds du temps sur
Kashmir is an undivided part of India. The disputed scene should be withdrawn from the movie ASAP. #AntiIndiaSuperman
Missed the United Continental Holdings Inc Q3 earnings call on October Easily spot key metrics or important
I am trying to keep up with the various AI generated collections out there and this one is looking wondrous. Can
"bailey falou que se ele fosse montar um grupo com mais 3 pessoas do now united, 2 delas seriam josh e sav, ai que saudade"
eu to rezendo pra todos os santos orixas entidades deuses elementares pra yeseo debutar a guria comeu o pao que o
sur mon compte ce Tweet . Silvano Trotta qui en a le premier. Jean Quatremer par
forget about our movie night TONIGHT @ in Rowe 161!! We will be watching Bye with Dr. Thorsheim!
Yessssss!!! 3 generations of revenge!! I like it a lot!!! @halloweenmovie you really were a killer movie!!
"Ce que je voulais dire y a des gens qui arrivent apprivoiser des corbeaux et des corneilles, Ce que dit"
testing out the ethical AI thing on the bible and i gotta say this robot has not accepted love into
Pourquoi chaque fois que je dis que je fais de on me dit une fois un poney quand
#CryptoDragons is a unique #NFT project where #art meets 50% to NFT owners forever First NFT
We are so excited that Disney TVA will continue to provide more of the wonderful art of animation with the movie genre
@RebeuDeter @PredatorFrance #PredatorXperience pas la place se trouve chez moi mais vsii nique on essaye
and i still want a blackpink animated television show or movie like the spice girls had with spiceworld
Full em trai 2k6 7 clip Follow nick @cliptraivn2 mn share up full Video
"taehyung brought up how is going to be in a marvel movie and jimin was like, that really true,"
been thinking non stop about #TheBatman trailer and what I have loved most is the progression of the theme
How we can use #DeepLearning with Small @UniteAi #BigData #DataScience #Analytics
"@ocesarfreitas kkk mas ai foi por causa do computador, pq no Excel, a mais recente,"
screaming all the time watching the movie Deborah what have you done to me @DebbyRyan
Dopo la alla Cgil accadono cose senza precedenti rispetto ai diritti costituzionali in questo
"@kekoz Oui du coup investi ce moment. En soit le bon moment mais tu attendais encore un peut tu toucher 4,5k"
"@jaoromania Ai, quem o Pelo amor de deus. O beijo foi maravilhoso, tomar no cu"
"N E W S T A R O U T N O W S T A R B O T The Citizen # 56 60 commons, 1 ."
Maintenant la vision de Nikita qui suit Lewis partout avec un bloc note.
@ZaidZamanHamid seen this movie and it is nothing like what you just shared. Do you feel ashamed to spread
"If there is a movie/drama with actor Kim Seon Ho, I would happily watch for some top tier acting. Tomorrow if"
Indirect ga #MostEligibleBachelor UA nmbrs discount vesi cheptunnaru antunnava Nv cheppakapoina minimum knowledge
fait des airpods pro. jamais aussi peu une pigeonne. Je trouve que pas
The much awaited movie #Annaatthe an Indian Tamil film Distributed in North India by UFO Moviez @rajinikanth
first time at a movie theater since covid started. had a popcorn stuck in my throat. the amount of power i had to use
movie night on discord tonight is going to be so fun!
I feel like a crackhead when using two lighters to spark a spliff .
Ok maybe I should get a part to play in a mcu movie cause every actor and actress looking like they give them
$MYRA PUBLIC SALE is now LIVE!! Get your $MYRA Public Sale Address
"une dinguerie de fou furieux vous faire gagner, valeur du lot Pour participer au concours ce tweet"
"@felipeneto porque ele ficou, ele acha que o restante vai entender Espero"
"If I were Marvel or DC, I would make a little ad to play before a new movie that encourages people to give comics a"
TVA produced films in the past but all of them where always based on a prexisting property like a Walt Disney
Revista Banda Rockera # 97 Con Portada de TRANSMETAL Revista del 1992 #transmetal
I fucked his ass hard Subscribe now and watch this full movie
un motif y aura dans mon prochain Bon faudrait que finissent mon
@BFMTV @PhilippeCorbe @PhilippeCorbe Mr blanquer a lorsque #Zemmour Menguele... Encore un
@TopwinFN Non sah jsuis bon gros eu tout les fifa juste faut me remettre dans le truc ta vu
@Cephiwsh1 @nagate80462608 mais pck c tout mtn ai raf de mon poids trouve bien
"composed, and produced song is played during an entire scene in the upcoming"
#antiindiasuperman Superman has no right to interfere in private affairs show something like this in
"Il delle tra #cantine e #vigneti della #Ribolla di #Oslavia, nato nel 2021 con i"
"@Qtmb5 @PaulLarrouturou Perso, je jamais le du verbe mettre avec un t la fin. Je ne"
"@marinabontee4 la que tu par hasard,tu fait une photo sur le roi"
movie is actually really queer people making you watch a film with 13% on Rotten Tomatoes
voulu un grec puis suis dit non manger la maison et jsuis donc
"@DrRPNishank @DrRPNishank Respected Sir, # Remove NC issue NIOS # Reopen Improvement Portal class"
@MsStorikaynson 6x de non cest bien ce que dit Sinon il aurait dit on en a 6 de Mais bon on tape en vrai
Im sorry but I watch a movie without eating something lmao
This..This.. This was the one day for which I had been waiting for so Surely this movie is gonna be worth
"composed, and produced song is played during an entire scene in the upcoming"
Are you attending #ISCEast on Nov 17th Come meet us to discover the latest in patron screening and
@RottenTomatoes why o why they made it a 2 part movie... part 1 is boring it feels like stretched short clip
"Okay, this is a chapter I completely and utterly recommend reading The Sailor Moon S Hearts in Ice movie is"
Pandera is excited to announce Jeffrey Guilfoyle as our Vice President of Sales! Read
Visualizing the Most Innovative Companies of 2021 #dataviz #innovation #AI #disruption #bigtech #health #insurtech
"une dinguerie de fou furieux vous faire gagner, valeur du lot Pour participer au concours ce tweet"
Would be sick if the new movie laid the ground work for this someway
"LIVE Farm Pool for Just stake $BNB LP to earn $TIPSY tokens, or stake $TIPSY to earn $TIPSY"
@carambaferrou eu imagino que q tenham o de empatia e amor a recusam mts
LAND OF THE WALKING iS NOT A MOVIE I WANT TO SEE Many unvaccinated people in the who
@harish2you @IamSaiDharamTej Antha bane undhi anna but tej anna full photo petadan ledhu endhuku anna varudu
@gabslanzarini Ai amg relaxa se alguem falar a gnt desce o soco numa
Salvare ostativo. La Fondazione Falcone in trincea. Proposta di legge per scongiurare la resa alla mafia.
"@Captsully Alway SIR , be the legend of #aviation . It happens when we watch @tomhanks , in any movie . #sully"
"Tout coup, la voix de Benzema dans le tribunal. conversation avec son ami Karim"
Improve Your Writing With AI Tool Rytr And Earn $20 In Store Credit
tu enfants des gens proches qui sont leurs oncles/tantes mais non eux ils veulent
SECRET Spoiler # 05 SECRET NUMBER 3rd Single Album 2021.10.27 Release
Malay WhatsApp forward messages be anak derhaka telah menjadi pie selepas tidak mendengar ibu bapa
"composed, and produced song is played during an entire scene in the upcoming"
"Je suis mon live hier, mon chien fait un gros malaise, il la de revenir lui et pu"
Bah la force mm qui est la # rosey dj #
Watch the @ParallelNFT pack drop spark the next mega bull NFT wave
"Asesinan a 4 raperos en San Rafael, Antioquia. En el Congreso se roban a Colombia, trapean con la democracia,"
The Senate Parliamentarian hinted that provisions to address backlog could be added in Budget Reconciliation.
Join us on Friday 29 October for our next Film Club! We will discuss the movie loi du by
"movie may not have been fun for me, but I was so nervous sitting side by side next to you that I"
Yani hakuna watu wanaona wameyapatia maisha kama hawa walioangalia movie ya squid game
"Just started #YouAreMySpring and this drama really have AMAZING BEAUTIFUL cinematography. No kidding,"
"@EwanMartin16 Thanks, Ewan! After releasing my Borg movie monsters last week PWYW in my pinned"
Right now somebody deciding to do their first comedy open mic and their end goal is being in a comic book movie someday.
@SlvGate @GeorgePapa19 How can a body double / clone / And hopefully this movie
In the mood to cry over the Baron Omatsuri movie again
Im happy to share that my debut movie #JETTY Trailer launch by our beloved LEGEND NATASIMHA Nandamuri Balakrishna
beau retourner dans tous les sens la conclusion reste la je ne veux pas travailler.
Je parle une meuf elle me dit de tout dis moi aussi elle un chant de guerre mongol je pensais
"Dommage que certains restaurateurs afro, afro ne savent pas valoriser leurs restaurants sur les"
"@ioufme @vlanx0 Ne vous en faites pas, le sur la main."
Super Happy to know that our Hero is gonna be the HERO of this Surely this movie is gonna be a massive hit and
Delta Airlines is adding more than 100 daily flights in the NYC area heading into the holidays. @Delta CEO
I love movies yeah you probably havent seen Kiyoshi Kurosawas Cure a movie for people like me youd watch
Do you Next what can be @strwbilly #MachineLearning #ArtificialIntelligence #MIT #AI
"Ma fille est le genre de fille qui dit olalala je vais avoir et qui a 17 de moyenne, le que"
Le plus que vu ma prof a la fac elle avait dis a des chinois qui prenait le tableau en photo stop
Ma a chi lo dice alla Ricciarelli che non siamo ai provini di amici ma al #gfvip
les chutes du niagara de nuit le truc le plus beau que vu de ma vie
Les gros darons qui pas quand tu leurs dit bonjour envie de vous tabasser
When you rewatch a movie you watched as a kid and everything starts making sense to you like so what really
nonton pidio bokep # xxx bokap # video hot jepang online # download bokep korea hd # dounlod vidio porno #
IL A SA MEUF POUR VENDRE SA FORMATION EN DISANT faut toujours aller de PTDRRRR LA TECHNIQUE
"finalement et mon vieux et mon code IMEI pour tous ceux qui la #RAM, Je vais consacrer ma"
@hasanthehun I had the exact same experience at a movie theater but instead of popcorn it was a cock
les chutes du niagara de nuit le truc le plus beau que vu de ma vie
#Annaatthe is the 1st Indian Movie gets Booking Opens 14 Days before the movie release. Huge Record Alert
"composed, and produced song is played during an entire scene in the upcoming"
"Creata Font Creata is a subtle, bold, and powerful script font with a modern feel. This will add a unique spark"
Salem alaikom excusez moi connaissez vous un compte avec bcp de pour retweter mon svp
"composed, and produced song is played during an entire scene in the upcoming"
"Rashford OT Quand le calendrier pour savoir quand je reviendrais, je voulais absolument que ce"
@footbvlI meu bem grande que as vezes eu acho que tenho que tratar isso legal ai
"les toulousaines, Si vous recherche un sur Toulouse, je vous en prie pas chez"
This..This.. This was the one day for which I had been waiting for so Surely this movie is gonna be worth
Tak tak masalahnya bila Flying Apsaras ni nk drop the mv. Gile la teaser dia. Ingt movie Tomb Rider lol rpnya Lay pnya mv
O ruim que primeiro vem o pico de raiva.... depois vem o pico de choro e ai piora ou melhora. 50/50!
Candyman The bees were bred specifically for this movie. They needed to make sure that the bees were only
"hier qu l d Albi il y a un policier l pour surveiller la du pass, mais"
Stand My Horny Stepdad... But His Favorite Dish... . EMA FUTABA Genre drama .
"la pleine lune ce soir, en plus elle est en ma lune en je sens que va chaud patate! po"
"Hackaton du Bootcamp avec Google JOUR3 Il est 19h, ils sont fond... Pas de quitter"
Hot ai ra k 3 group xem full nha. follow nick @cliptraivn2
$MYRA PUBLIC SALE is now LIVE!! Get your $MYRA Public Sale Address
"@colinphoenix Yep, she is beautiful too, loved her in a Sly Stallone Rutger Hauer movie called Nighthawks, stunning lady"
Perhaps customers are trying to buy eggs at 6.99 a dozen and bread at $5 a loaf for kids who just went back to school.
"jamais compris en quoi de transport pas un motif justifiable, la SNCF ma les"
"@l2thhour I watched this on YT first, sick Btw, the whole squid games movie coming out, the trailer was soo good bro"
"Several union workers dressed in #SquidGames outfit take part in a rally in #Seoul, saying just like in the movie they too"
Check out this listing I just added to my #Poshmark The red shoes rare Vinyl! From the 1948 UK Ballet
"In the Marvel movie, the song Jimin made, Friends, will be heard."
75% Of Shoot Is Complete Movie May Completely Wrap Up By The Month Of December First Single Announcement For Diwali
"wsh insta faites un truc pcq ai marre des fausses femmes qui moi , merci ."
Leoninos protegendo a si mesmos ao mesmo q tempo q protegem os QUAL a novidade Hahaha
@PhuongLiu1 Je parce que hier en comptant le nombre de suggestions Youtube pour des itw de
"RED ROCKET is a hilarious, sharp effort by the great Sean Baker. #MiddleburgFilmFestival Review by"
Trailer looked promising. Too bad the movie ended up being a shameless imitation of A New Hope.
Je suis trop contente un point de ma vie ou ma place et de pas de trop. faisait
#RPZtober2021 jour 20 Otage Bon pas la base et pis ensuite un truc la con mais
"Warriors had a scoring champ last year and the 20th best offense. They were lost without him. In last opener,"
Une fois mon daron de mettre FaceTime sur son Samsung et il comprenait pas pourquoi impossible mdr ce
ve CMK9 TCK40 VE TCK309 YASA5275 TUTUKLU YARGILAMA CMK219 CMK232 CMK101
ahora q recuerdo F.HERO NOE SE EL DE SD BROGHT TE AMP
a cause de mon orientation non non fils de pute c uniquement pck des
Discover what #KenzieTaylor and #IsiahMaxwell are capable of when # is at the helm! Spoiler it gets intense! See
@GDjoul @radivicci Attends..ils se font entre toujours y avais des mannequins en plastique pour le faire
@robzombie641 @LaNissarda J ai pas de 12 j ai juste tout clef chez moi !!
"loin des terrains pendant un long moment, fait beaucoup de fait quelques semaines que je"
"@mircoDmirco @Claudio52330251 Incostituzionale, carissimo Don. Ai despoti piace giocare con le Leggi che"
Wednesday And You Know That #TheBraaiShowWithCass Day! On Episode We Have ! He Is
Microsoft and Nvidia build largest ever AI to mimic human language #MachineLearning #DataScience
"residents of the Collective, a #coliving space in northwest London, enjoy their time together having a shared"
@IsntTony105 @helenamayb After shouting at the TV for the first couple of minutes I decided to switch off for the
@KritiXbae @kritisanon #mimi should without a shadow of a doubt be the movie of the year! @kritisanon deserves a
"So rather than just spending money on concert tickets or even following a tour, as an investor, invest"
C bon chu qui mariage 25 ans cdi permis argent casier judiciaire vierge comme ma
1 mois pile que je suis en cours le 3/4 de mes cm..
"Dm for assignment help, Homeworks Online classes Exams Essays Fallclasses Math Statistics #MachineLearning"
Dipolmatico Affaire Metagorique Pavel Si Ghetto Rina toto Tue Heps ou plata GTI Eh
heist tech i downloaded the file on windows 95 the guy who explicitly hired him for his
ai rien a foutre sur ton compte donc tu es responsable logiquement
"Family. Dedication. Devotion. a @DisneyPlus Original Movie, based on the real life experiences of Milwaukee"
Recommended Digital activist Joy Buolamwini discusses racial and gender bias in AI in this
@meduzen @NintendObserver une femme qui a tout dans ce jeu. humaine
"ai gente n tem condicoes pegar bode de alguem, vejo um a ja fico a"
If you want a way to brighten up the winter who my pick of the best London festive lights
vous voyez la de la fille qui court pour entrer dans son appartement parce la suit il vient de
eles vao ficar brigando e ai vao chwgar no nemeton quer ver
#antiindiasuperman Superman has no right to interfere in private affairs show something like this in your
$MYRA PUBLIC SALE is now LIVE!! Get your $MYRA Public Sale Address
"@SkyNews No, look at the nordics we are two years into this with a vaccine that was supposed to make things all"
@DzSufyan aussi ce que ressenti effectivement ! Pour le platine vrai que chacun voit et ressent
19h03 et je tiens juste dire que si peut cheloue je me sens super safe avec stray kids et les
demain je passe au pupitre en direction sans le ptdr encore rien mais choisir
"@clarincom # y son pelotudos el gobierno argentino,son lacras montoneros ,"
Opinion Roasting of Powell Could Burn Him in the End # This one
since talking about how good Dune movie ticket in South Korea. This is another example. I would pay more if
$200 Giveaway to one in 12 hours This and Follow me @myratechai and Like Their Pinned
@MulticortYT RIP juste le journal de ma ville haha 2 pages
Moi quand on me demande ce que pour season venir #Bitcoin
Have you got a Have you got a Have you campaign If you are a contestant drop your team # in the
"que le temps de faire mon DM en 15mn, on va tenter, si arrive pas, le football"
Ela vai atrair hater pra Day e Rico! A torcida virou dela praticamente pq cortam pra
"@runtmovie just finished watching. i honestly have words right now. the movie was so good, the message is"
The Manchester Christmas Markets are extremely popular and as such are heaving most nights and all day of a
qual eh seu cabelo favorito do zayn ai sei tem tantos mas acho q long hair no meu sempre mas amo
"Parlons de StreamDjams, guettez ce balance normal dans des lives pratiquement que des ados qui"
"ai decidi que vou colocar o texto da nossa revista, que foi da minha prova de jornal se daqui pro"
Curiosita Rilasciata intervista agli Ateez ai fact music Interview released to Ateez at fact
this was such a beautiful message for the black widow movie that see natasha as a cold blooded monster but as a
What about it are you and your empty wallet going to do to And its FAT wallet and armadas of
"PTDRRR trop rigoler dans le RER quand vu la pp, jsp c qui mais un"
maintenant que grandi dire que ceux qui les musiques league sont vraiment des
"Asesinan a 4 raperos en San Rafael, Antioquia. En el Congreso se roban a Colombia, trapean con la democracia,"
"@DylanPortefaix Moi vu mais reste Montparnasse, en heure de pointe je peux te dire que tu vois pas"
superior streaming alternatives if thinking of cancelling anything. like really anything. especially if
"@pamanmanzot quand je mange peu passer pcq pas bcp, mais quand t le seul manger avec 0 bruits envie de"
Petsafe Medium Pawz Away Mat Dog Cat X # 2 #Pets
@UOLNoticias Todo dia cai mascara. mentirosos Perdidos de caneta na # vergonha
@onlymoviesnews @ravikamaku Bro small doubt 50% occupancy movie #LoveStory kante 100% occupancy movie
Living with an anti vaxxer is annoying Worse when she hears things from her nurse friends weh ai
"@Corpse2bride @deeskoestpa1pd no clairement pas, moi qui ai mis la sur ce"
Ai vou comprar um docim pra v se eu fico mais felizinha pq o odio dentro de mim hj
Comercial movie #Kotigobba3 visuals naa fantasy movie B2 ge compare madtidivalla guru en uneducateds guru e Kappes
Yani hakuna watu wanaona wameyapatia maisha kama hawa walioangalia movie ya squid game
@ScottDMenzel This is what I was afraid.Add to the fact they are NOT fleshed out iconic characters that formed
@Beettttoo @GUMinense @FluminenseStuff Coloca os titulos em campo e ganha da gente ai
"une de bz pour la R6S PS4/PS5 mais faut voir si peut les gens, si Une Lan avec gros"
#AfterWeFell is now the #1 movie on @AppleTV! Watch it today everywhere you purchase movies online! Check out the link in
A very interesting talk and basis for a lot of future works! Thank you @hbouammar
tenu montrer le travail des associations. Ce sont elles qui leur ont permis de traverser la crise sanitaire quand
"@TPMP @rueducommerce #TPMPxRDC de participer hier, ce soir je ne fais pas avoir !"
actually marvel ppl on this app ship characters and half the time make stuff up that
"eu querendo fazer as coisas mas nao fazendo, ai dps me arrependo, agr eh tarde demais sua burraaaa"
"Hello Didier, je crois que je pas pour mon pot de demain. Je ne pas mise dans la liste. Merci, Yvan"
@TPMP En le traitement antibiotics est Durant mes 3 mois en pu voir
PARK JIHOON 5th MINI ALBUM CONCEPT PHOTO # 2 2021.10.28 6PM #PARKJIHOON
he came back and asked me if i had any news on harry and he said a big directioner and i
"Bonsoir ! Life is Strange 2 sous blister dans mon Auchan 6,99e ! Ainsi que life is Strange before"
@tiuhyo @pjhsdoll ma belle jte fais pas de juste dit que une et
Tell us what movie going to watch with mates this Halloween and tell you the perfect Halloween cocktail
"Leading renowned USA theatre chain Cinemark, which has 5872 screens across USA.. First tamil film / second Indian"
"jamais compris en quoi de transport pas un motif justifiable, la SNCF ma les"
de mentors et de femmes qui me ressemblaient quand plus jeune. @farahalibay ne se
"AI voice cloning is used in a huge heist in the U.A.E., amidst warnings about cyber criminal use of the new"
LRT please just learn to steal shit. we live in the future. i can pull a pirated movie up on my laptop and screen mirror
"@eightbill rebours de la doxa, si vous relisez mes tweets, vous allez comprendre ce que je veux"
"Et cette meuf depuis le premier entretien a eu ensemble senti le vice , des gens jsp si vous avez"
Metal Men through the ages! Metal Men is a strange concept that always makes me smile when I see it. like to
"@tsaintin @daguins @BFMTV Je suppose que vous ne parlez pas de moi, sinon je vous que 20"
"Oh, might be they have written by mistake And they have specified that you have received that money for"
Malay WhatsApp forward messages be anak derhaka telah menjadi pie selepas tidak mendengar ibu bapa
.@BLACKPINK returns to Top 100 of Top Album Sales Chart at # 88.
voulu un grec puis suis dit non manger la maison et jsuis donc
eu pego peso leve mesmo e com cada um de lado ai me mais
"Il y a une semaine, cet enregistrement un peu fake, tant il faisait"
mob season 3 demon season 2 jjk movie coming soon hunter x hunter
100% Autopilot Bot From The Makers Of Futmillionaire Gaming Eliminates Need For Trading
@datnofact I wonder how well the AI was programmed to react to such absurd and extreme examples. What it
une grosse partie reste plus que les petits meuble dons soon
"jamais compris le truc de ta meuf poster, les autres regardent et toi tu c comme si we"
and Eve as people because I had the urge to rewatch the movie for the first time in 13 years and a
@NewJobinNek Ah ouai Pourtant on dit que la meilleure avec la 7 et sur anilist c la mieux
@blvelyrides Je ne sais Archie mais je pas de par contre si tu
"Surtout elle te fait des on dirait la tellement chaud, dure 2 h"
i would pay so much money to watch an animated movie of catradora just doing couple things for 2 hours
"une dinguerie de fou furieux vous faire gagner, valeur du lot Pour participer au concours ce tweet"
"Je suis mon live hier, mon chien fait un gros malaise, il la de revenir lui et pu"
@cineworld been 4 days been waiting.. I went to ciniworld today to watch a movie and purchased some
As a producer and writer his name will show up in the credits at the end of the movie and he signed some
Employees at Netflix have staged a protest outside of their job because they hate opinionated black men. Notice Netflix
Determinazione del lucro cessante nel risarcimento del danno a seguito di contraffazione del marchio Qualora sia
"une dinguerie de fou furieux vous faire gagner, valeur du lot Pour participer au concours ce tweet"
Na Hero Se Nahi Heere Se Pyar Karti ye sushant bhai ke kis movie ka dialog Dilon Me Zinda
"RED ROCKET is a hilarious, sharp effort by the great Sean Baker. #MiddleburgFilmFestival Review by"
"une dinguerie de fou furieux vous faire gagner, valeur du lot Pour participer au concours ce tweet"
Mais pas honte de juger des femmes comme si des objets en en live @SauceRouge
@danielcranney Hey Insha this side! developer advocate at JavaScript side fling with
"Un des marqueurs du totalitarisme, des enfants et des adolescents. Je viens de y"
un dans la salle un courrier de la CPAM faire vacciner la Bouclette
@Yaboiskinnymann @SlikSimpsRin not really a fan of the movie or season 2 but NEVER seen someome dislike blue exorcist.
"I was watching a movie with my dude, but I fell asleep and he took advantage of the situation to suck my cock. ft."
Je suis entrain de recenser mes cartes amiibo Par ce que je sort plus de savoir qui et qui je
"Dear Mizarnauts, excited to announce the #mizarai closed beta!! Get the first glimpse of our DCA bots and trade"
The boys have a legal team that deal with all of this they are so busy and not in every single meeting for every
Et @PhilippeCorbe ment le Gouv. via Blanquer a bel et bien aux outrances de Gargamel sur Mengele. Le traitement
My Russian film prof paused this movie after this scene and went on an entire rant abt how in her words a
Watch Sanak movie Review in hindi on my youtube channel Filmymita pls Subscribe like and share
Un grand merci au technicien Hamza de Batignolle pour sa et son travail de !
Guess this movie frame! Correct ah yaar solraanu #Master #Beast @actorvijay
"If struggling from fake Collapse in pubs, take a break and go see D U N E Such an art, might not for"
mob season 3 demon season 2 jjk movie coming soon hunter x hunter
rarement vu qqln nul au football que luuk de jong la de ma tl est meilleure
"Pilots who operate pressurized aircraft capable of flight above FL250 must be trained to recognize hypoxia,"
Service to others is the rent you pay for your room here on earth. smjh
Moi quand on me demande ce que pour season venir #Bitcoin
#DISNEY / #PIXAR MOVIE QUARTER FINALS ROUND 3 MATCH 2 vs.
"@L1nconnue @FenkChevalier Je vous ai mal compris alors, je pensais que vs trouviez que subir les"
@AmHastaluego @NtkPronos J ai le pari qui est en cours la
"@IAliAsgharKhan @HNadim87 IGNORE Idiot Twitterattis, the movie seems to be good"
Oru pakkam thalapathy movie scene adhuve thalapathy fans ah share panitirkinga Inoru pakkam keerthy mam v/s
How can anyone think its okay he was not told about this..imagine you get a promotion but your boss tell
"In the Marvel movie, the song Jimin made, Friends, will be heard."
"une dinguerie de fou furieux vous faire gagner, valeur du lot Pour participer au concours ce tweet"
"Dans HL, Quand un fdp a dit Que Tae la blonde stupide du groupe. toujours pas"
Ai q dor eles acabaram de vim buscar minha cachorra eu quero chorar de
"Ieri in Italia 70 decessi. In Svezia 7, in Danimarca 2, in Norvegia 0. Non pare che il pass per tutto faccia la"
"Semenjak ada fitur tarik tunai tanpa kartu di BRImo, aku dah gapernah taro kartu ATM di dompet takut ilang wkwkw # #ValidNoDebat"
Luuk de Jong sortira sa Plombier de formation le FC Barcelone vers Avril 2022.
and data approaches enable more robust analytics and AI Here are 4 trends that are driving Artificial
Des gens qui ont pris leur premier appart cette quelques questions poser pour la article
Bonne nouvelle pour les gens qui aime la France 6 mois de la change le patron de Paris
#COVID19 in a cohort of immunosuppressed / immunocompromised individuals cell transplant
Prend pas pas longtemps vu des neufs qui avait des graves de cause de
"#HCLAppScan security and development teams a chance to collaborate, establish policies, and scale testing"
"@TommyDoyle47 Personally, Season of the Witch is my favorite Halloween movie. But I view it as a standalone movie"
Salem alaikom excusez moi connaissez vous un compte avec bcp de pour retweter mon
Coming soon to @killergram the gorgeous with the incredible sub to her
@matthewjdowd TX ranks 41 in child welfare according to 2019 Kids Count Data Book. In the areas of
Je parle une meuf elle me dit de tout dis moi aussi elle un chant de guerre mongol je pensais
une collector sur vous faire gagner ! Attention une version pour PS5
Dopo la alla Cgil accadono cose senza precedenti rispetto ai diritti costituzionali in questo
"@CiredutempsEsme Je voudrais tant que tu comprennes Puisque notre amour va finir Que tout, je"
@TheKuromoai How could I like it was the first I thought of to describe me even if
Been craving to watch a nice vampire movie for a while now and Netflix came through with #NightTeeth let me see
"wts / lfb decided to sell as tingi nalang since i need funds din huhu included din Woozi beside one side for 200 ea,"
Everything you need to know about the Internet of Everything #IIoT #IoT #serverless #data
"About to start my talk on XR for Higher Experiential Design Affordances, Ethical Considerations, Production"
vous voyez la de la fille qui court pour entrer dans son appartement parce la suit il vient de
"pochi vaccinati, tanti contagi e oltre 1000 decessi al giorno. Putin chiude tutte le non essenziali."
A kdeobi pointed how in the movie there was 2 transfer students who participated in the game of BR law.
@lizziebennetx ai amo voce tb nao vivo sem oq posso fazer
